States,Sector,Yearly Sales,Sales,Revenue,Area (Sq Ft),Profit per Sq Ft,Property Tax Rate,Property Tax Amount,Growth Rate
West Bengal,Residential,Feb-2023,78,38071568,1161,32792.0482342808,19.7194563574587,7507506.23636021,0
Delhi,Commercial,May-2022,321,47924280,4003,11972.0909318012,8.84795093666372,4240316.78114934,0
Rajasthan,Residential,Jan-2020,298,39804715,3352,11874.9149761337,14.8126190221111,5896120.78578712,0
Uttar Pradesh,Residential,Oct-2023,259,1574961,2966,531.005057316251,7.9714644913961,125547.456868337,0
West Bengal,Commercial,Sep-2021,45,21902894,1487,14729.5857431069,13.4799538185742,2952499.99613125,0
Telangana,Retail,Jan-2020,248,12450571,2046,6085.32306940372,11.958987300325,1488962.20470795,0
Tamil Nadu,Retail,Aug-2020,157,19655151,1149,17106.3107049608,19.5800799444731,3848494.2790069,0
West Bengal,Residential,Jan-2024,476,13366619,1468,9105.32629427793,14.127909090447,1888423.78078642,6.10253891719635
Rajasthan,Commercial,Apr-2023,236,2974968,3137,948.348103283392,10.2425955813023,304713.940913157,0
Uttar Pradesh,Residential,Oct-2020,253,40220592,1600,25137.87,6.711436773319,2699379.6019346,-0.0584770474543312
Delhi,Industrial,Jan-2025,346,47623764,940,50663.5787234043,7.26870243102402,3461629.69161314,0
Rajasthan,Industrial,Jan-2023,455,23249774,1269,18321.3349093775,8.37975394926853,1948273.85496101,0
Rajasthan,Residential,Apr-2020,374,2942266,1843,1596.45469343462,8.76449992010447,257874.901219261,-0.618948615460326
Tamil Nadu,Retail,Jan-2025,491,4937677,4858,1016.40119390696,17.7592408676171,876893.951694928,0.264322289548487
Gujarat,Retail,Feb-2022,210,47847699,4229,11314.1875147789,13.4183418242379,6420367.80685245,0
Uttar Pradesh,Residential,Dec-2020,163,10107366,4406,2294.00045392646,12.8508636706155,1298883.82535014,-0.511608383315964
Karnataka,Residential,Nov-2024,459,5741218,2077,2764.1877708233,6.72153307803826,385897.866952287,0
Rajasthan,Industrial,Oct-2020,82,27321567,4508,6060.6847826087,17.9020954002415,4891132.98918091,2.04993841688894
Gujarat,Retail,Nov-2021,210,5981140,3851,1553.13944430018,15.8422145481273,947545.031223859,-0.145591985494126
Karnataka,Residential,Nov-2024,305,24491831,2849,8596.64127764128,6.01502542850002,1473189.86255525,-0.832147091527773
Uttar Pradesh,Industrial,Oct-2021,26,31747234,4102,7739.45246221355,15.6175264584465,4958132.66977493,0
Maharashtra,Retail,Jan-2025,138,39035694,1741,22421.4210224009,13.1530732601397,5134393.42942395,0
Telangana,Commercial,Nov-2022,226,5790717,1625,3563.51815384615,6.22588018620167,360523.102342012,0
Gujarat,Industrial,Sep-2024,70,34572781,3101,11148.9135762657,11.8745096229299,4105348.20675946,0
Madhya Pradesh,Retail,Sep-2021,436,20159206,1690,11928.524260355,12.2704443069507,2473624.14495347,0
Maharashtra,Retail,Jun-2021,113,1297968,4631,280.2781256748,7.48661810244914,97173.907251997,1.7122918214727
Telangana,Industrial,Jul-2021,51,36710403,4948,7419.24070331447,19.1854722050042,7043064.16391004,0
Tamil Nadu,Commercial,Apr-2023,34,29663439,572,51859.1590909091,17.7496305722099,5265150.83751284,0
West Bengal,Industrial,Nov-2022,48,31507736,2414,13052.0861640431,15.0353350599366,4737293.67740027,0
Delhi,Retail,Oct-2020,300,20151515,2972,6780.45592193809,11.9344334150091,2404969.13979057,0
Madhya Pradesh,Residential,Sep-2020,140,7839838,3546,2210.89622109419,11.1764831237676,876218.171000722,0
Tamil Nadu,Residential,Jan-2024,238,47291381,1207,39180.9287489644,14.7646020072643,6982384.18838901,0
Uttar Pradesh,Industrial,Apr-2023,117,17020181,2304,7387.23133680556,13.1814780411036,2243511.42107108,0.445786641875012
Tamil Nadu,Retail,Dec-2020,181,14967188,4213,3552.61998575837,5.93409658822828,888167.392461713,2.46187231018579
West Bengal,Residential,Sep-2022,444,3438199,3064,1122.12761096606,12.687539731555,436222.864174926,-0.38582527714332
Uttar Pradesh,Retail,Jan-2025,487,49341287,2975,16585.3065546219,17.0960542584926,8435413.19735855,0
Madhya Pradesh,Industrial,Aug-2021,111,9498604,4110,2311.09586374696,11.8885981639544,1129250.8607453,0
West Bengal,Residential,Feb-2024,363,38964208,4755,8194.36550998948,5.77934866331403,2251877.4342189,0.500319584947782
Karnataka,Retail,Nov-2024,21,49778740,3323,14980.0601865784,16.7941729907605,8359927.70822089,0
Delhi,Residential,Jun-2024,284,43221553,2235,19338.5024608501,8.02045673203962,3466565.95728057,0
Madhya Pradesh,Industrial,Jan-2021,110,37357821,2085,17917.4201438849,8.87931252332058,3317117.67849269,-0.0732963530076486
Karnataka,Retail,Sep-2022,53,8525407,566,15062.5565371025,7.47059530148444,636898.654774425,0.0467121143153992
Telangana,Residential,May-2024,452,21631601,3561,6074.58607132828,9.95322597307246,2153042.1291234,0
Madhya Pradesh,Industrial,Feb-2022,314,48555661,2928,16583.2175546448,16.3512725853295,7939468.48571854,1.77793290086972
Telangana,Residential,Jun-2021,454,26054414,4653,5599.48721255104,12.7907878925591,3332564.83138921,1.27717762193685
Uttar Pradesh,Residential,Jun-2023,26,27431806,841,32618.0808561237,8.07321911226069,2214629.80483027,-0.287288590771093
Karnataka,Commercial,Jan-2020,339,13976005,3274,4268.78588882101,18.1674511722806,2539083.8842105,0
Delhi,Commercial,Mar-2024,66,45221695,3317,13633.3117274646,18.1937278242729,8227512.10582284,0.0410695287287115
West Bengal,Industrial,Nov-2021,320,3651882,3161,1155.29326162607,18.0586763756901,659481.552002079,0.605432654565187
Rajasthan,Commercial,Aug-2024,312,32634444,1732,18842.0577367206,8.58194317072309,2800669.43816145,0.608145811666689
Tamil Nadu,Industrial,Jan-2024,21,30819320,4374,7046.02652034751,11.7685901627148,3626999.4617356,0
Maharashtra,Commercial,Nov-2021,327,3710016,2901,1278.87487073423,19.7748448421131,733649.907617572,0
Delhi,Residential,Jun-2020,89,7237320,1994,3629.54864593781,16.5801871446499,1199961.20025717,-0.900256466100778
Karnataka,Industrial,Apr-2022,225,36443815,4711,7735.89789853534,5.4075113183834,1970703.42097571,0
Rajasthan,Industrial,Aug-2024,348,24273962,1161,20907.805340224,5.97806886890738,1451114.16557241,-0.206220193666039
Delhi,Residential,May-2024,273,48518519,4383,11069.7054528862,11.958970652185,5802315.4480848,9.5104354004582
Karnataka,Industrial,Mar-2020,488,23250760,4119,5644.75843651372,18.6383030879234,4333547.11904566,0.455015359345083
Gujarat,Industrial,Aug-2023,158,33442480,2368,14122.6689189189,13.0805269692907,4374452.61559965,-0.655954708671185
Gujarat,Commercial,Jan-2025,90,39336811,2834,13880.3143966126,12.4671876205144,4904194.03129713,0
Telangana,Industrial,Jun-2023,224,10325144,3874,2665.24109447599,6.58210549934946,679611.871039751,0.0342645957294556
Delhi,Retail,Dec-2023,494,36597069,1516,24140.5468337731,14.8517015708644,5435287.47156333,69.3250613306439
Gujarat,Residential,Jun-2023,383,8533951,4906,1739.49266204647,17.3315474090034,1479065.76342612,0
Karnataka,Commercial,Jun-2023,473,12279534,707,17368.5063649222,10.7063001126134,1314683.76247041,2.4434686023243
Telangana,Commercial,Feb-2021,207,38212981,3165,12073.6116903634,16.6341777638799,6356415.18841766,-0.541066334358809
Karnataka,Retail,Oct-2020,209,31529339,2993,10534.3598396258,19.4671498085122,6137863.65676366,-0.96753371413627
Telangana,Residential,May-2023,34,10234816,1132,9041.35689045936,8.05649688691534,824567.632421513,-0.980994283939981
Delhi,Residential,Dec-2021,475,44221639,2602,16995.2494235204,12.8499444679211,5682456.05430455,0.149914112712825
Rajasthan,Commercial,Jun-2021,98,42465471,3459,12276.8057241978,9.30706937126863,3952290.84480596,0.0672679665274425
West Bengal,Industrial,Aug-2023,277,16552465,3583,4619.72229974881,16.8928162855076,2796177.50317294,-0.494378317860417
Madhya Pradesh,Commercial,Dec-2020,152,43090048,2431,17725.235705471,13.6639004882174,5887781.2790451,0
Rajasthan,Residential,Mar-2024,68,9462049,4219,2242.72315714624,14.5187362632546,1373769.93940992,0.509824520486651
Uttar Pradesh,Retail,Jun-2020,419,13351424,3062,4360.36054866101,16.9687123942384,2265564.73909532,-0.166889044345629
Karnataka,Commercial,Dec-2024,498,42339392,2179,19430.6525929325,10.9395570899368,4631741.95937214,0.013798033159391
Uttar Pradesh,Residential,Sep-2021,374,32856072,736,44641.402173913,18.7263510261057,6152743.37611001,5.39880316292548
Rajasthan,Commercial,Oct-2023,35,30036204,4943,6076.51304875582,12.9954330086921,3903334.7691741,-0.422044376082786
Telangana,Industrial,Jan-2024,56,19327165,2040,9474.10049019608,7.36932234253022,1424281.08852268,0.0956769960103812
Madhya Pradesh,Commercial,May-2020,297,8888512,4443,2000.56538374972,15.438486772532,1372251.74939492,1.00267151575198
Madhya Pradesh,Commercial,Aug-2021,275,2447763,863,2836.34183082271,16.8989202565738,413645.517439919,0.240727681063106
Maharashtra,Residential,Aug-2024,25,27550901,2868,9606.31136680614,9.7514251560129,2686605.49082221,0
Madhya Pradesh,Residential,Dec-2021,208,41708934,785,53132.4,17.8576888549813,7448251.6584495,-0.607814684324135
West Bengal,Residential,Apr-2021,410,33638881,648,51911.8533950617,18.5921488214865,6254190.81740275,-0.964400232614127
Madhya Pradesh,Commercial,Jul-2020,416,37936581,4537,8361.60039673793,9.15356731066713,3472550.47720076,-0.877817804581017
Rajasthan,Industrial,Oct-2024,291,22150278,2266,9775.05648720212,19.7528220907283,4375305.00594174,-0.510492360344014
Maharashtra,Retail,Sep-2023,478,8939469,1512,5912.34722222222,7.11067292073138,635656.401440176,-0.137041323112876
Rajasthan,Retail,Sep-2022,95,24955289,3331,7491.83098168718,8.03023502603735,2003968.35812685,0
Rajasthan,Residential,Oct-2022,259,16441617,3007,5467.78084469571,7.76337258857039,1276423.98729573,0.57357835163362
Tamil Nadu,Residential,Nov-2020,400,38900142,2023,19228.9382105784,18.4098456501181,7161456.09987675,-0.89408829826462
Maharashtra,Commercial,Oct-2023,279,43164041,3285,13139.7385083714,14.8143882848744,6394488.63318239,1.67698002014797
Rajasthan,Retail,Oct-2022,344,48743574,3056,15950.122382199,7.28156424833409,3549294.65774427,-0.283049193830735
Tamil Nadu,Residential,Jan-2020,126,46962256,4225,11115.3268639053,11.6048512755252,5449899.96443143,7.07640712610378
Tamil Nadu,Industrial,Jul-2020,16,49592554,2101,23604.2617801047,14.229470376047,7056757.78015513,4.94083503050199
Maharashtra,Industrial,Nov-2021,146,14891234,2908,5120.78198074278,6.25196127484075,930994.183025919,0
Uttar Pradesh,Residential,May-2021,380,24535962,840,29209.4785714286,18.2362455261101,4474438.27251307,-0.579170274511837
Telangana,Residential,Apr-2022,185,1943717,3317,585.986433524269,17.054053031623,331482.527964672,12.3772559022543
West Bengal,Retail,Oct-2023,337,4909352,2996,1638.63551401869,12.5781016036496,617503.282640802,0
Telangana,Retail,May-2023,324,31550824,2225,14180.1456179775,19.5068992288876,6154587.44356367,0.773626013900062
Madhya Pradesh,Commercial,Jul-2022,224,22388358,2189,10227.6646870717,11.2664146891265,2522365.25436623,4.44054790624445
West Bengal,Retail,Sep-2021,486,15829502,3767,4202.15078311654,19.7616547855475,3128171.53951133,1.42561809510133
Madhya Pradesh,Industrial,Mar-2022,91,43648703,4906,8897.00428047289,15.0187999820544,6555511.39833098,-0.244722018592764
Rajasthan,Industrial,Sep-2024,232,8921928,761,11723.9526938239,14.5200690988091,1295470.110546,-0.813444534811666
Karnataka,Residential,Feb-2020,487,25992849,1942,13384.5772399588,7.48932342943678,1946688.53013512,14.2111997276553
Maharashtra,Retail,Oct-2022,381,42807399,905,47300.9933701657,18.2289163745697,7803324.96583837,0.288312090132729
West Bengal,Commercial,Aug-2022,432,47581137,2690,17688.1550185874,11.4123453188092,5430123.66105571,0.903222320814062
West Bengal,Industrial,Jan-2021,492,1808507,4937,366.316994125987,7.43350108673719,134435.387498718,0.999207597286371
Rajasthan,Industrial,Aug-2022,411,21343837,743,28726.5639300135,5.18911279963639,1107555.77770053,1.55544864711856
Uttar Pradesh,Commercial,Aug-2024,452,9831795,4607,2134.09919687432,13.3963352545757,1317100.21974262,0
Tamil Nadu,Commercial,Oct-2023,499,49141341,1060,46359.7556603774,12.9109943318402,6344635.75110024,0.0235151903191728
Rajasthan,Industrial,May-2021,112,12882318,4637,2778.15786068579,15.7903043355374,2034157.21767171,2.48098528562274
Gujarat,Industrial,Nov-2020,282,10486298,3225,3251.56527131783,18.353870795267,1924641.58612667,0.859758487637911
Tamil Nadu,Commercial,Feb-2021,23,600734,1093,549.619396157365,6.19109876964544,37192.0352828419,-0.428842298013509
Maharashtra,Industrial,Aug-2021,168,9046310,2326,3889.21324161651,15.9724473551054,1444917.10232964,0.70029422603175
Tamil Nadu,Residential,Nov-2021,161,20128490,3729,5397.82515419684,7.81117916146373,1572272.41639731,-0.160326404712008
Uttar Pradesh,Residential,Jul-2023,492,18503027,3787,4885.93266437814,17.8726557973575,3306982.32780212,0.421949768672173
Tamil Nadu,Commercial,Jan-2021,117,26812911,4573,5863.3087688607,17.2859527079248,4634867.11507798,1.02093867377155
Maharashtra,Retail,Jun-2024,197,3581091,633,5657.3317535545,13.1119063247832,469549.297325241,-0.00994340721270259
Uttar Pradesh,Commercial,Aug-2023,310,16502437,3638,4536.12891698736,15.6536419793497,2583232.40584773,0.683645378602179
Telangana,Commercial,Jan-2023,107,21106265,4419,4776.25367730256,9.71525169775623,2050526.76874543,-0.350867599143919
West Bengal,Retail,Nov-2021,140,11591989,572,20265.715034965,12.0675184839922,1398865.41523735,0.974910093885497
West Bengal,Retail,Dec-2021,302,13181730,4994,2639.51341609932,17.3245534656571,2283675.86154856,0.0476329839004532
Madhya Pradesh,Retail,Mar-2023,180,41319838,4725,8744.93925925926,11.8889779575982,4912506.43193529,-0.206945172855709
Telangana,Residential,Sep-2020,433,46789704,3478,13453.0488786659,10.3669739798816,4850676.43894363,2.20083764037325
Telangana,Industrial,Feb-2021,483,33783771,4861,6949.96317630117,12.4131867087545,4193642.57148806,-0.6497786359754
Tamil Nadu,Residential,Apr-2024,192,5255469,2485,2114.876861167,17.4237387865583,915699.190568546,0.17904132395386
West Bengal,Industrial,Apr-2022,480,15553770,1292,12038.5216718266,10.0281207105631,1559750.83064335,-0.484356508145971
Maharashtra,Residential,Nov-2020,373,26598641,4759,5589.12397562513,7.60642389703616,2023205.38531086,20.0919912857672
Delhi,Industrial,Sep-2022,48,42028843,594,70755.627946128,15.6802103049617,6590210.97114218,0.169172265022333
Delhi,Residential,May-2022,24,14650540,1633,8971.54929577465,17.3896731906212,2547681.02666124,-0.495769607302562
Uttar Pradesh,Retail,Nov-2020,385,45721400,737,62037.1777476255,6.509562177853,2976262.96158488,-0.106076550427867
West Bengal,Commercial,Apr-2021,13,27846162,3446,8080.72025536854,8.59811169133917,2394244.11051125,0.471864529553578
West Bengal,Residential,Aug-2021,358,2492825,3030,822.714521452145,7.12957984641491,177727.948806392,24.203963524495
Delhi,Industrial,May-2021,479,4332978,2460,1761.37317073171,10.2191211737325,442792.272251171,-0.753906139431736
West Bengal,Retail,Mar-2021,418,31059798,1548,20064.4689922481,11.7552646835812,3651161.46508566,-0.510756223383507
Tamil Nadu,Residential,Jul-2024,406,6652941,3029,2196.41498844503,16.2323950544496,1079931.66585945,-0.432513055862842
Gujarat,Residential,Feb-2022,219,38170243,3464,11019.1232678984,14.7672137732251,5636681.38156949,-0.326214609255779
Karnataka,Retail,Jun-2024,170,43037644,1463,29417.3916609706,14.3139285121765,6160377.59548501,17.6190909724046
Telangana,Residential,Jul-2020,25,44492967,1036,42946.8793436293,10.2856241991448,4576379.38066952,-0.306716708988845
Madhya Pradesh,Commercial,Dec-2024,435,36786070,4723,7788.70844802033,17.6217132962714,6482335.7883657,-0.586891645488567
Uttar Pradesh,Residential,May-2023,117,11056086,4179,2645.6295764537,12.0693075109725,1334393.01801758,-0.127315037413426
Gujarat,Commercial,Oct-2023,391,23789643,4687,5075.66524429272,19.6865740702273,4683365.69023765,-0.687517665094708
Delhi,Commercial,Aug-2022,459,36958065,4224,8749.54190340909,14.5121320744361,5363403.20495592,0.417419926783731
Telangana,Retail,Jul-2023,320,22989029,1042,22062.4078694818,6.89397112346754,1584857.02082558,1.08014949840725
West Bengal,Residential,Jun-2023,236,2440369,1345,1814.40074349442,15.1426634311315,369536.86414767,-0.0938598867384324
Madhya Pradesh,Retail,Nov-2023,179,42181557,4103,10280.6621983914,9.87656023147548,4166086.88367916,-0.7176536842459
West Bengal,Residential,Oct-2022,43,18494276,3536,5230.28167420815,15.2949079502915,2828682.49027285,0.236571198358187
Maharashtra,Residential,Feb-2025,423,48726615,2994,16274.754509018,6.04461722243609,2945337.36220013,-0.598726355943473
Maharashtra,Industrial,Oct-2023,260,26455176,4985,5306.95606820461,7.62322155763939,2016736.67994344,2.59017406337653
Madhya Pradesh,Residential,Apr-2024,256,38733146,3219,12032.6641814228,17.8360588835868,6908466.72802564,2.12077393808091
Madhya Pradesh,Retail,May-2022,278,42164130,2384,17686.2961409396,8.40769335535272,3545030.75635228,1.16694394044089
Delhi,Commercial,Mar-2022,150,15109307,4638,3257.72035360069,17.5556168786441,2652532.04993816,-0.0538915967548223
Madhya Pradesh,Residential,Apr-2022,283,36376898,4849,7501.93813157352,9.18914132681616,3342724.56753176,0.033898995073629
Tamil Nadu,Industrial,Jul-2022,425,8278748,3701,2236.89489327209,14.6432286508806,1212275.99907021,-0.919855528656421
West Bengal,Retail,Feb-2021,105,42154364,3210,13132.200623053,15.4122586026475,6496939.59198133,-0.485826410939797
Gujarat,Residential,Dec-2022,236,2446830,2453,997.48471259682,12.6898212971758,310498.354445686,1.02514727675052
Rajasthan,Retail,Jan-2022,388,33497728,4350,7700.62712643678,9.57966015045097,3208968.50052246,1.27969451286936
Madhya Pradesh,Industrial,Jan-2023,48,41293419,1189,34729.5365853659,8.18966564556644,3381792.94972281,-0.894637355647953
Uttar Pradesh,Industrial,Apr-2023,311,10457168,2450,4268.23183673469,5.49784031843639,574918.398470629,-0.48175828827359
Maharashtra,Retail,Jun-2022,38,38714493,956,40496.3315899582,9.55919601861086,3700794.27348138,-0.721187274284567
Tamil Nadu,Residential,Mar-2020,455,33380340,2630,12692.144486692,14.7974418579693,4939436.40349245,0.231035276437438
Telangana,Commercial,Aug-2021,486,36659646,4476,8190.26943699732,19.0745722767272,6992670.67266235,0.0956581856195771
Rajasthan,Industrial,Apr-2024,327,41978073,4744,8848.6663153457,18.0680672339458,7584626.45315484,0.0314661983534976
Gujarat,Residential,Aug-2021,254,36283612,1679,21610.2513400834,16.4909716480295,5983520.16780104,-0.504560168263251
Rajasthan,Residential,May-2024,245,11217207,4785,2344.24388714734,16.8267101487995,1887486.90868085,0.433612451313022
Madhya Pradesh,Commercial,Jun-2024,194,16040627,4065,3946.03370233702,14.9747735521399,2402047.56959342,0.0808342855882567
Delhi,Industrial,Aug-2020,281,16669764,1382,12062.0578871201,8.90430286349005,1484326.27318903,2.06592347447782
Maharashtra,Industrial,Dec-2021,449,9884451,899,10994.9399332592,18.6079254605875,1839291.27426829,-0.896128315364899
Maharashtra,Residential,Dec-2021,245,4688891,1108,4231.85108303249,15.0609846785875,706193.155105669,-0.388176027347267
Telangana,Residential,Aug-2024,248,9514653,2138,4450.25865294668,13.4066094647066,1275592.36963199,0.0910530773137543
Delhi,Commercial,Nov-2020,386,14564147,2648,5500.05551359517,6.66484203820222,970677.391761567,0.513371275504803
West Bengal,Commercial,Jun-2024,275,21308635,1882,11322.3352816153,11.7058331570964,2494353.26115465,-0.907484721988793
Karnataka,Industrial,Sep-2023,423,38549943,1903,20257.4582238571,11.9053740680289,4589514.91716192,-0.596808917915906
Tamil Nadu,Retail,Jun-2024,418,33384400,1319,25310.386656558,17.9684541428401,5998660.60486229,0.530389258906553
Maharashtra,Industrial,Aug-2020,368,2863999,3792,755.273997890295,13.1997233028168,378039.943395441,9.54666874460706
Uttar Pradesh,Residential,Aug-2022,349,43163528,1319,32724.4336618651,10.7060082345561,4621090.86200495,-0.544808606221499
Maharashtra,Industrial,Nov-2022,398,5290691,919,5757.00870511426,19.6520049276599,1039726.85602726,-0.436918820683898
Rajasthan,Retail,Nov-2024,74,28450196,4719,6028.86119940665,6.66080889989474,1895013.1872055,0.133367496210612
Maharashtra,Commercial,Jul-2023,487,21503105,3802,5655.73513940032,11.3382264246792,2438070.73323651,0.117676205841346
Maharashtra,Retail,Aug-2020,186,10352415,2008,5155.58515936255,5.63037012757108,582879.281642188,2.8348180154713
Karnataka,Retail,Oct-2024,12,17566318,1267,13864.4972375691,16.098561811504,2827924.56123535,0.723680534048821
Karnataka,Retail,Nov-2023,438,43779777,2544,17209.0318396226,18.7711482829873,8217966.85863115,-0.590286312106425
Gujarat,Commercial,Jan-2025,151,48615625,2639,18421.9874952634,9.20055994325734,4472909.7199142,0.798890488777014
West Bengal,Retail,Dec-2022,385,33821714,3529,9583.93709266081,17.8751251519868,6045673.70604705,0.0570184207513294
Uttar Pradesh,Retail,Feb-2023,167,11686361,2049,5703.44607125427,9.38327345692847,1096563.20979384,0.180441513177485
Maharashtra,Retail,Mar-2021,333,26756629,2264,11818.2990282686,18.6615524246587,4993202.34790644,-0.712623099808451
Maharashtra,Residential,Mar-2020,155,32871979,3145,10452.1395866455,16.3094285539518,5361231.92927503,2.38082586837464
Tamil Nadu,Retail,Feb-2025,455,38498210,4216,9131.45398481974,17.0736016526216,6573031.01878973,0.422818830253367
Karnataka,Commercial,Mar-2021,302,28675911,4981,5757.05902429231,5.27009833400682,1511248.70787228,0.326902517788515
Uttar Pradesh,Retail,Feb-2020,162,34314548,2793,12285.910490512,19.4421553561104,6671487.73190707,-0.0452592778415684
Telangana,Retail,Jan-2020,441,6586368,3208,2053.1072319202,15.9000648810549,1047236.78530504,-0.172888350852082
Gujarat,Commercial,Apr-2024,202,28707970,1400,20505.6928571429,9.571266430792,2747716.29557184,0.0384350436184313
West Bengal,Retail,Apr-2020,446,45061177,3584,12572.873046875,17.4409199728827,7859083.81940903,0.210049622165241
Delhi,Commercial,Mar-2020,472,12450831,2509,4962.46751693902,9.22281797622395,1148317.47965726,-0.854491320878884
West Bengal,Retail,May-2023,82,35312381,741,47655.0350877193,18.0913075934919,6388471.4652958,0.295325264346943
Rajasthan,Commercial,Dec-2021,408,34035574,2885,11797.4259965338,6.68870585617906,2276539.43132216,0.891225503091668
Maharashtra,Retail,Aug-2022,314,32886345,4768,6897.30390100671,15.5552896619119,5115566.22396569,0.740249229478266
Gujarat,Retail,Aug-2021,386,14107851,1171,12047.6951323655,13.1104771496737,1849606.58166501,0.911650414643588
Rajasthan,Residential,Jul-2020,353,11860589,663,17889.2745098039,6.44801705293161,764772.801298131,-0.835110129088927
Uttar Pradesh,Residential,May-2020,461,39592598,964,41071.1597510374,8.62840742388259,3416210.66513999,3.31381395119623
Delhi,Retail,Feb-2024,149,29624900,3542,8363.89045736872,5.18606054415972,1536365.25014677,-0.119442985240687
Karnataka,Retail,Nov-2023,196,46177380,2942,15695.9143439837,12.0315194819676,5555840.4709622,1.44869675998647
Gujarat,Industrial,May-2021,302,28987589,2855,10153.2711033275,9.51897891140001,2759322.48383331,0.613441720266511
Gujarat,Commercial,Jun-2024,70,34442508,4778,7208.56174131436,13.9753622644664,4813465.26596782,-0.0449353549438816
Maharashtra,Industrial,Jan-2020,494,16148245,3057,5282.38305528296,9.45856711562926,1527392.59132125,0.0592359153167423
Madhya Pradesh,Residential,Jan-2020,436,49354843,1045,47229.5148325359,9.49878667260477,4688111.24916901,-0.962164707175416
Gujarat,Residential,Apr-2022,389,34023310,4335,7848.51441753172,16.1478979809741,5494049.38855054,0.627110482975139
Tamil Nadu,Residential,Feb-2020,207,6040070,1093,5526.13906678866,5.7221425396753,345621.414896166,-0.720406174785051
Delhi,Residential,Aug-2020,304,27864435,4304,6474.07876394052,18.5434249278798,5167020.58580287,1.09819744741707
Delhi,Retail,Sep-2022,449,6991878,1959,3569.1056661562,17.7839581158677,1243432.65503257,-0.77231153510781
Tamil Nadu,Residential,Aug-2024,328,31741029,3993,7949.1682945154,15.0170702483961,4766572.62249378,3.54014349082669
Telangana,Retail,Jan-2022,311,49884592,3101,16086.6146404386,13.8983235516108,6933121.99856094,0.738963648459517
Tamil Nadu,Retail,Feb-2021,353,2460826,2944,835.87839673913,18.3845374720948,452411.478093051,-0.153088944530991
Tamil Nadu,Residential,May-2023,20,3344664,3172,1054.43379571248,7.77995269293072,260213.276937484,-0.225064170543615
Delhi,Residential,Dec-2024,71,36667707,4700,7801.63978723404,6.18453743286243,2267728.06518732,-0.84492107953727
West Bengal,Commercial,Jun-2021,342,35432801,516,68668.2189922481,8.59265254864307,3044617.47818213,10.6164741444845
Delhi,Industrial,Nov-2020,235,2590212,3691,701.764291519913,16.9186741805029,438229.528864287,0.405994049999663
Madhya Pradesh,Residential,May-2021,162,39285284,892,44041.798206278,5.52005400089725,2168568.89120585,17.2607794999717
Maharashtra,Commercial,Nov-2020,208,44685024,924,48360.4155844156,13.7421025262523,6140661.81196047,-0.00586003832296023
Rajasthan,Commercial,Dec-2020,61,34207431,1071,31939.7114845938,19.9315627428697,6818075.57248884,0.00482922321822388
West Bengal,Industrial,Mar-2022,269,21820139,4131,5282.04768821109,17.8354414075631,3891718.10639382,-0.547334031815004
Karnataka,Retail,Oct-2021,68,25727191,1620,15880.9820987654,12.8216853356538,3298659.47572266,-0.692350617843253
Rajasthan,Residential,Jul-2021,81,26419139,741,35653.358974359,5.95461363929964,1573157.65427953,2.46750611251097
Maharashtra,Industrial,Oct-2020,157,5100108,4397,1159.90629974983,17.4706027157857,891019.606756001,0.350290707249755
Madhya Pradesh,Residential,Jan-2020,358,11893942,4595,2588.45310119695,13.9846776226582,1663329.44532594,-0.572219001868102
Madhya Pradesh,Commercial,Feb-2022,72,3354190,2779,1206.97732997481,6.7239949558935,225535.566411084,3.17848311281764
Karnataka,Commercial,Mar-2022,319,1784382,1288,1385.3897515528,6.40785927235034,114340.687441151,0.150522490585174
West Bengal,Retail,Aug-2020,382,7696042,1214,6339.40856672158,18.6444022915489,1434881.03100657,0.504577293768688
Telangana,Commercial,Jul-2024,252,37907753,3349,11319.1260077635,15.0380039440712,5700569.39124876,0.370794503200116
Tamil Nadu,Commercial,Feb-2020,375,47730658,1275,37435.8101960784,17.4393019897513,8323893.59031541,-0.158589618497145
West Bengal,Industrial,Apr-2023,339,19932053,4526,4403.90035351304,18.184683504234,3624580.75394618,0.320724262598118
Telangana,Residential,Jul-2023,116,12372847,2747,4504.1306880233,13.5765852807248,1679810.1246086,-0.819034451222038
Madhya Pradesh,Residential,Aug-2024,235,18319593,578,31694.7975778547,12.7616952763256,2337890.63452308,2.97441122869943
Delhi,Industrial,Jan-2025,322,48936828,4426,11056.6714866697,11.4564111548149,5606404.22180456,-0.978612517661547
Maharashtra,Retail,Sep-2021,227,38631465,1355,28510.3062730627,9.75419881686679,3768189.90196831,0.20696715690038
Karnataka,Residential,May-2020,434,3757181,2648,1418.875,11.5189394128807,432787.403022264,0.162101350205079
Maharashtra,Commercial,Dec-2023,250,22539912,1531,14722.346178968,16.6081948359524,3743472.5008122,-0.0126388394708163
Uttar Pradesh,Residential,Oct-2020,268,39208480,3771,10397.3693980377,14.028851465227,5500499.42097323,-0.0363060841654824
Uttar Pradesh,Commercial,Nov-2022,385,42416167,4076,10406.3216388616,18.3878493493227,7799420.88771713,0.378956344172251
West Bengal,Retail,Nov-2020,271,33871818,4682,7234.47629218283,11.6507002156878,3946303.97278339,-0.400121081397898
Madhya Pradesh,Industrial,Dec-2022,14,48102635,3956,12159.4122851365,14.1063436807813,6785523.0126118,4.86665328521268
Madhya Pradesh,Residential,Jan-2021,270,16186144,4006,4040.4752870694,14.4696132963798,2342072.44439519,-0.452654163585074
Tamil Nadu,Industrial,Nov-2024,63,11356760,907,12521.2348401323,13.8754574345949,1575802.3997491,-0.556489742117739
Tamil Nadu,Residential,Oct-2021,56,46850911,3211,14590.7539707256,15.5395065962828,7280400.40526356,0.593698145811718
Tamil Nadu,Commercial,Feb-2023,224,49330419,3588,13748.7232441472,8.56150202562209,4223424.82193287,-0.751789409453787
Delhi,Industrial,Jun-2022,186,19220027,2168,8865.32610701107,12.6854566631869,2438148.19573781,31.2917076090386
Rajasthan,Residential,Aug-2022,18,23784856,647,36761.7557959815,6.56337204212522,1561088.58896374,-0.448542989628371
Gujarat,Commercial,Aug-2024,108,9205956,4827,1907.1796146675,10.7676699146722,991266.954569959,-0.797667693098914
Rajasthan,Industrial,Feb-2023,29,32946436,4397,7492.93518307937,12.315006029319,4057355.57984571,-0.24284363026585
Maharashtra,Industrial,Nov-2024,387,10214891,2450,4169.34326530612,14.7833638931821,1510104.50782191,0.169726457786736
Rajasthan,Residential,Sep-2023,250,25758148,865,29778.2057803468,19.2579657887931,4960495.32966668,2.34665137383337
Delhi,Residential,Jun-2023,70,2820688,2174,1297.46458141674,14.0097659982253,395171.788340022,5.27825356884887
Maharashtra,Residential,Feb-2023,388,2305808,4994,461.715658790549,16.1539087426484,372478.120100686,0.585834977675386
Rajasthan,Commercial,Feb-2023,499,10209175,3046,3351.66611950099,12.593990892428,1285742.56969204,-0.620127341782532
Delhi,Residential,Dec-2023,428,38274891,1062,36040.3870056497,14.511560470645,5554283.95253845,-0.116659889712831
Gujarat,Industrial,Oct-2024,187,38590551,4062,9500.38183161004,6.0639832420066,2340124.54563801,-0.322117741133686
Rajasthan,Industrial,Jul-2023,347,31549883,2989,10555.3305453329,8.8158737126277,2781397.8417618,0.37483525399255
Delhi,Residential,Mar-2021,71,21292686,1272,16739.5330188679,10.4277963980771,2220357.94376186,-0.554200259889511
Tamil Nadu,Residential,Jul-2024,154,38709230,2537,15257.8754434371,12.0874003250977,4678939.59286282,-0.47831291893455
Madhya Pradesh,Retail,Apr-2022,225,48883877,3923,12460.8404282437,5.68473118253576,2778916.99905143,0.95991609192111
Tamil Nadu,Industrial,Sep-2021,12,12166027,3067,3966.7515487447,7.10036146329977,863831.892722645,42.5100756368983
Madhya Pradesh,Commercial,Jun-2021,169,37676570,2073,18174.9011095031,9.15221461686959,3448240.5466751,-0.406006510739606
Karnataka,Retail,Apr-2020,236,11429084,4194,2725.10348116357,19.5729903635158,2237013.50995812,-0.0530432653117927
Karnataka,Residential,Jul-2022,495,13117619,3791,3460.20021102612,9.97020510654576,1307853.51939522,0.204980261983416
Karnataka,Residential,Feb-2020,278,18215057,1746,10432.4495990836,12.2306158716812,2227813.65247778,-0.516947392662476
Gujarat,Industrial,Mar-2022,129,10455661,4219,2478.23204550841,7.94146569107589,830332.731090203,0.335951223544612
Tamil Nadu,Residential,Dec-2022,390,44359585,4339,10223.4581700853,14.1617010661365,6282071.82187874,0.854946883746083
Madhya Pradesh,Commercial,Jun-2023,98,21209657,859,24691.1024447031,9.21024823273961,1953462.05901263,-0.61882545023709
Delhi,Industrial,Jan-2022,338,35261500,2876,12260.6050069541,8.1048886765764,2857905.32069099,0.404562885371902
Maharashtra,Residential,Mar-2020,77,26060098,3509,7426.64519806213,12.7485894266897,3322294.89821297,-0.983683894032141
Delhi,Industrial,Sep-2024,407,35441412,3493,10146.4105353564,5.08258698740631,1801340.59446506,-0.56955164328399
Maharashtra,Residential,Aug-2023,366,45299034,1462,30984.291381669,5.11496048973838,2317027.69133316,48.2951709453917
Uttar Pradesh,Residential,Dec-2024,107,16202852,4132,3921.30977734753,8.28603213652787,1342573.52375405,-0.830958383009894
Delhi,Residential,Mar-2024,276,41555392,2327,17857.9252256124,5.55082043751232,2306665.19202436,0.348091234986942
Rajasthan,Commercial,Mar-2022,114,31573264,2113,14942.3871273072,6.62038631196037,2090272.04809511,0.00636562883718161
Rajasthan,Commercial,Dec-2023,449,28613586,2140,13370.8345794393,10.0829097400813,2885082.04978053,0.523266000570702
West Bengal,Industrial,Jan-2023,332,44836333,2716,16508.2227540501,17.0387851936972,7639566.46860077,0.158347525047524
Tamil Nadu,Residential,Dec-2023,132,3540267,4812,735.716334164589,13.5807296505395,480794.090177266,0.212957291011374
Maharashtra,Residential,Sep-2020,485,33649417,877,38368.7765108324,12.6900158893463,4270116.36397238,-0.468413203393009
Maharashtra,Commercial,Apr-2022,38,29508147,4714,6259.68328383538,9.40233234812182,2774454.05071234,-0.957743314773082
Tamil Nadu,Residential,Feb-2022,146,10185684,4785,2128.66959247649,18.9763057914922,1932866.5427951,-0.196839645323859
Gujarat,Commercial,Jan-2023,204,48376337,869,55668.9723820483,10.9552256185579,5299736.86434389,1.23588542923929
West Bengal,Residential,Feb-2025,418,21717066,2696,8055.29154302671,6.30639150193657,1369563.20469396,-0.415544044509312
Gujarat,Industrial,Dec-2024,235,8036765,4247,1892.33929832823,14.255997741767,1145721.03691112,-0.629171000106536
Gujarat,Residential,Feb-2022,341,46158328,1151,40102.8045178106,6.70757590214902,3096104.8857629,0.172784742079797
Gujarat,Residential,Sep-2022,179,19173436,1269,15109.0906225374,10.1783471420254,1951538.87513407,-0.10576541410071
Tamil Nadu,Retail,Nov-2024,18,37193176,2921,12733.0284149264,12.6111790807671,4690498.0311849,-0.698135314720635
Gujarat,Commercial,Jan-2022,472,9035078,1280,7058.6546875,18.1133378702776,1636554.20498312,2.76112837927937
Rajasthan,Residential,Jun-2021,49,7435774,2216,3355.49368231047,12.4031987051018,922273.824482295,-0.497173871432264
Karnataka,Residential,Aug-2021,34,18644439,4483,4158.92014276154,15.533881490475,2896205.0588239,0.562191136368277
Uttar Pradesh,Retail,Jan-2023,270,26720970,1811,14754.8150193263,19.8922525849861,5315402.84555835,-0.277574857466954
Maharashtra,Retail,Jun-2020,404,19705297,3859,5106.32210417207,6.97233679846972,1373919.67397875,0.414652974875608
Maharashtra,Commercial,Jun-2022,452,46087883,1022,45095.7759295499,9.12097288279279,4203663.31068327,13.7694284854821
Uttar Pradesh,Retail,Feb-2020,235,4773445,1021,4675.26444662096,10.9186411339647,521195.329277181,-0.50206898248368
Tamil Nadu,Industrial,Dec-2020,481,3684790,2820,1306.66312056738,11.3274226780825,417391.738099715,0.14052094462208
Delhi,Retail,Feb-2025,133,33634205,1435,23438.4703832753,11.1653161289832,3755365.31572027,1.86814051824959
Tamil Nadu,Industrial,Oct-2020,472,47980620,2730,17575.3186813187,18.6141650383483,8931191.79322277,-0.500197763774337
Maharashtra,Commercial,Sep-2024,47,13029971,4540,2870.03766519824,15.7104896670029,2047072.24756847,-0.156868636617631
Maharashtra,Commercial,Nov-2021,337,7181935,4197,1711.20681439123,14.1185782113606,1013987.11006408,-0.361123408698209
Uttar Pradesh,Commercial,Jun-2024,260,10463441,3337,3135.58315852562,9.64059076794173,1008737.52705503,0.865628966897764
Gujarat,Commercial,Sep-2022,398,7189142,4583,1568.65415666594,17.3568557633194,1247809.00756022,-0.799259646260188
Tamil Nadu,Commercial,Jun-2022,185,26836263,2961,9063.24316109423,19.3259076722748,5186351.41006885,-0.225868623273009
Madhya Pradesh,Industrial,Sep-2022,99,5490961,3743,1466.99465669249,17.3179742382534,950923.211412541,0.277065359068104
Uttar Pradesh,Industrial,Nov-2022,411,4146804,3859,1074.57994299041,5.02347657787209,208313.727670263,-0.505837149454294
Rajasthan,Commercial,Dec-2024,463,1147296,1185,968.182278481013,14.5460205527511,166885.911960891,-0.898148733628442
Maharashtra,Retail,Feb-2023,46,3622951,2660,1362.01165413534,5.76703072163151,208936.697199656,-0.137343168452104
Uttar Pradesh,Residential,Mar-2024,325,27344511,4488,6092.80548128342,8.86410830500583,2423847.07051423,1.4998728789862
Tamil Nadu,Commercial,May-2021,185,1300101,4566,284.735216819974,5.89287050521658,76613.2683670258,8.26393365777892
Maharashtra,Retail,Jan-2023,470,38155044,2067,18459.1407837446,14.0569317942408,5363428.51114257,-0.645284470241201
Delhi,Residential,Sep-2022,293,44402446,538,82532.4275092937,15.2988487023891,6793063.03370002,0.529010789218633
Uttar Pradesh,Commercial,Feb-2023,462,23155061,3044,7606.78745072273,6.71731457098858,1555398.28647429,-0.349845795341005
West Bengal,Commercial,Oct-2021,470,23291342,1756,13263.8621867882,10.7575832456747,2505585.50468479,-0.592895076453692
Maharashtra,Industrial,May-2024,90,22515777,3490,6451.51203438395,11.8435476343331,2666666.77423522,-0.885397145909913
Tamil Nadu,Residential,Dec-2020,123,23616992,2696,8760.0118694362,10.5357953264138,2488237.93937551,0.104310679237877
Karnataka,Residential,Oct-2024,49,43407958,3968,10939.5055443548,6.8153750072779,2958415.12070169,-0.509415356181873
Madhya Pradesh,Retail,Feb-2024,310,42939798,3208,13385.2238154614,11.2842168528121,4845419.92247949,-0.912473404787044
Telangana,Industrial,Sep-2021,233,31055353,801,38770.7278401998,16.2676707171263,5051982.5660812,1.82630415649585
Gujarat,Industrial,Aug-2021,327,49346793,1146,43060.0287958115,6.06511496799883,2992939.7284704,-0.929302522684694
Telangana,Industrial,Dec-2020,358,8621757,2259,3816.62549800797,6.20270021122855,534781.739650612,-0.741636715409715
Tamil Nadu,Industrial,Mar-2024,124,42471665,4851,8755.23912595341,10.3215693775398,4383742.36877127,-0.466532247868527
Rajasthan,Residential,Dec-2021,195,36887984,1097,33626.2388331814,19.1258856742839,7055153.64738813,-0.0932910807168597
Rajasthan,Residential,Aug-2024,332,12320569,1161,10612.0318690784,15.0285897008437,1851607.76381934,0.898642358717931
Karnataka,Commercial,Feb-2023,65,41430951,4830,8577.83664596273,15.1800493500885,6289238.80801097,-0.00372812685321111
Gujarat,Commercial,Jul-2022,49,22979150,1868,12301.4721627409,10.428799862568,2396449.56361929,1.30385252824933
West Bengal,Industrial,Dec-2023,363,35331079,3081,11467.4063615709,13.9049118681281,4912755.39700871,-0.495152127208294
Karnataka,Industrial,Dec-2020,49,12931216,4368,2960.44322344322,5.15196776041615,666212.079349775,1.87690918821641
Telangana,Industrial,Apr-2020,356,16540922,4037,4097.33019568987,14.5414406961431,2405288.36322529,-0.366736550365698
Karnataka,Commercial,Aug-2021,470,39471207,4808,8209.48564891847,18.6993042136436,7380841.07372697,-0.635370136524409
Telangana,Retail,Jul-2021,246,9204813,782,11770.8606138107,14.1886020251723,1306034.28373132,-0.0508716749124974
Maharashtra,Retail,Mar-2020,298,20421696,4178,4887.91191957875,18.1054789019952,3697445.86070959,-0.413668605253495
Rajasthan,Commercial,Feb-2023,271,29961504,1986,15086.3564954683,15.8595958319914,4751773.43958594,-0.681974260564335
Maharashtra,Commercial,Dec-2022,225,14997054,4582,3273.0366652117,6.80837624605535,1021055.86214409,2.08185412117053
Madhya Pradesh,Commercial,Nov-2021,156,11819247,4683,2523.86226777707,18.5367996092876,2190910.13171674,0.5077647534293
Gujarat,Commercial,Sep-2021,345,14413140,960,15013.6875,5.99665766533662,864306.664625699,0.507720113466357
West Bengal,Commercial,Feb-2020,177,46548559,2825,16477.3660176991,13.0095120882165,6055740.40999557,0.765847859484894
Telangana,Commercial,Aug-2023,101,46060900,4254,10827.6680771039,7.13205685690187,3285089.57680071,2.27583621034356
West Bengal,Industrial,Dec-2024,362,21217501,2968,7148.75370619946,5.17559916096356,1098132.80373344,2.96182537214157
Telangana,Industrial,Nov-2022,68,7351803,2224,3305.66681654676,11.3305139019146,832997.060956374,-0.611666337245233
Tamil Nadu,Industrial,Nov-2020,68,13545697,1876,7220.52078891258,9.42561061481234,1276764.65428232,-0.8625452704279
Karnataka,Industrial,Mar-2020,313,48620511,3243,14992.4486586494,12.2900074069641,5975464.40320377,-0.230848066638115
Madhya Pradesh,Commercial,May-2024,178,6242533,1014,6156.34418145957,13.6579983010183,852605.051080504,0.0514362958597165
Rajasthan,Retail,Jan-2021,278,24601438,1202,20467.0865224626,5.65608608463421,1391478.51133791,-0.474435938914927
Telangana,Residential,Feb-2024,372,36681576,2153,17037.4249883883,6.84504942685619,2510872.00774982,4.14803217688553
West Bengal,Commercial,Jan-2024,54,30838208,2566,12018.0077942323,13.3796359467564,4126039.9629035,-0.55787245978875
Madhya Pradesh,Residential,Apr-2024,354,3325896,522,6371.44827586207,10.1475102975899,337495.63908713,-0.129727686613687
Delhi,Retail,Apr-2024,190,38991224,2960,13172.7108108108,15.9376023132417,6214266.21818526,-0.738300828702201
Delhi,Industrial,Apr-2021,179,49370063,1804,27366.9972283814,14.7843747288791,7299055.11780369,-0.214499969220794
Maharashtra,Retail,Apr-2022,365,10927148,3800,2875.5652631579,17.6840654448486,1932364.00357547,2.71169495546518
Rajasthan,Commercial,Jan-2024,200,5376872,861,6244.91521486643,15.3873924000384,827360.393487792,2.17412212565565
Tamil Nadu,Industrial,May-2024,164,19897196,4227,4707.16725810267,11.4489661608522,2278023.23699844,22.4187043459194
West Bengal,Commercial,May-2024,431,32435646,1784,18181.4159192825,15.0944993359165,4895998.37007022,-0.307650110442969
Karnataka,Industrial,Jul-2021,197,17998600,1014,17750.0986193294,9.13071761383128,1643401.34044304,0.234080501949889
Karnataka,Residential,Apr-2021,16,15599203,948,16454.8554852321,9.59470248167319,1496697.11736224,0.695172928719235
West Bengal,Residential,Apr-2020,142,42962817,2355,18243.2343949045,16.8347773988119,7232694.60620892,-0.798609253520277
Gujarat,Residential,Jul-2023,244,16820131,4062,4140.84958148695,11.6962927460237,1967331.76202469,-0.156180844575868
Tamil Nadu,Retail,Feb-2024,54,49219461,3020,16297.8347682119,16.9757051077753,8355350.55499647,0.996808407697394
Madhya Pradesh,Commercial,Oct-2024,323,3387698,3581,946.02010611561,17.3363356050242,587302.694564692,0.282297415876634
Telangana,Retail,May-2021,258,47619813,1928,24699.0731327801,17.8634350649193,8506534.37329098,-0.341595996086016
Gujarat,Residential,May-2023,40,46673665,4467,10448.5482426685,18.7495285376181,8751092.13872728,0.120603383157461
Telangana,Commercial,Nov-2020,32,12917420,1422,9083.98030942335,11.4647783076994,1480953.56607443,-0.592995067610127
Telangana,Residential,May-2022,435,4531464,3637,1245.93456145175,9.78300227481708,443313.226202517,0.612109048980555
Gujarat,Retail,Jan-2024,403,20667958,2659,7772.83113952614,13.7329811989117,2838326.78633897,0.261509644268527
Maharashtra,Retail,Feb-2024,169,41412236,3047,13591.1506399737,10.5675863515644,4376273.79941365,0.457334207866026
Delhi,Retail,Sep-2023,372,23410282,3479,6729.02615694165,14.0161125020035,3281211.46215627,5.15443907664607
Telangana,Residential,May-2021,446,3387296,2781,1218.01366414959,15.5837879396574,527869.025528497,0.150604370069021
Gujarat,Commercial,Apr-2020,167,47031927,3149,14935.5119085424,15.3260752773821,7208148.53642337,-0.607433284599679
Gujarat,Commercial,May-2024,48,36791014,813,45253.3997539975,10.6182933053018,3906577.77651466,-0.351244346076148
Uttar Pradesh,Residential,Dec-2024,424,25233272,3113,8105.77320912303,7.50290302548129,1893227.92831592,-0.466349739895797
Maharashtra,Commercial,Jul-2020,91,1600500,3583,446.692715601451,11.4579400769331,183384.330931315,-0.412744380383924
Rajasthan,Residential,Apr-2020,365,22871392,2756,8298.76342525399,7.13891216122863,1632768.58493027,-0.393409211659314
Uttar Pradesh,Commercial,Sep-2021,267,30936427,1537,20127.7989590111,18.3514555277571,5677284.64278205,1.8952941108684
Uttar Pradesh,Industrial,May-2021,215,2461977,3989,617.191526698421,10.1881619110679,250830.202973251,0.624930709384136
West Bengal,Industrial,Jun-2021,86,24327142,3134,7762.32992980217,7.31689620834986,1779991.73059789,-0.344161202587654
Delhi,Retail,Dec-2021,486,4532654,4483,1011.07606513495,5.38171639858626,243934.583609176,-0.573787445590547
Gujarat,Industrial,May-2021,21,34718900,2278,15240.9569798069,14.6873357942973,5099281.42708627,28.3866677401758
Delhi,Industrial,Dec-2023,304,23777458,4395,5410.11558589306,14.5535347618212,3460460.61550742,0.897894561323491
Tamil Nadu,Industrial,Feb-2025,459,7478140,1624,4604.76600985222,10.1090624987194,755969.846341733,0.122369280184628
West Bengal,Residential,Oct-2024,233,48576248,1197,40581.6608187135,6.07567833271477,2951336.57458179,6.66288303288399
Rajasthan,Industrial,Sep-2020,22,12248768,2679,4572.14184397163,11.1444334234285,1365055.79495021,-0.641622657371245
Delhi,Industrial,Aug-2021,55,14111312,1904,7411.40336134454,9.6682624259509,1364318.6759047,-0.349347041286869
Karnataka,Retail,Sep-2020,164,30218818,1543,19584.4575502268,15.1568095960251,4580208.70642937,-0.524929548978388
Telangana,Industrial,Jul-2024,122,37091531,2429,15270.2885961301,14.0866887417904,5224968.52153468,8.78797867603151
Tamil Nadu,Industrial,Sep-2020,242,46438649,1513,30693.0925313946,10.4689059229631,4861618.47570504,-0.0568910821799354
Maharashtra,Commercial,Jun-2023,26,38882858,726,53557.6556473829,8.26838831382485,3214985.68695311,-0.389121976633721
Rajasthan,Retail,Dec-2021,369,42155138,2328,18107.8771477663,19.8205394923339,8355375.77533785,0.129431497534752
Tamil Nadu,Retail,May-2024,232,8879341,2523,3519.35830360682,11.8100243179417,1048652.33137297,0.777597594572399
Telangana,Retail,Feb-2022,363,43945065,2952,14886.5396341463,15.3241135367036,6734191.65437818,0.467387012373418
West Bengal,Retail,Aug-2021,197,40633569,2585,15718.982205029,7.10829451367541,2888353.75593751,0.546133469098601
Telangana,Retail,Jan-2020,457,45034701,4783,9415.57620740121,12.283845494891,5531993.08992612,-0.347025303265616
Uttar Pradesh,Retail,Aug-2021,353,2412584,1580,1526.95189873418,5.41305079804198,130594.397465433,0.71169144525877
Telangana,Residential,Nov-2022,374,21054754,2820,7466.22482269504,12.5818267686568,2649072.67484683,-0.475354760636541
Uttar Pradesh,Industrial,Dec-2023,172,48232820,3690,13071.2249322493,19.4602611067655,9386232.71115623,0.831070683861869
West Bengal,Retail,Apr-2021,335,17502265,3130,5591.77795527157,10.763100694787,1883786.40581846,0.0657704288055585
Madhya Pradesh,Industrial,Oct-2022,476,15346767,3063,5010.37120470127,5.58494018862367,857107.757837436,0.488698670117827
Uttar Pradesh,Industrial,Dec-2024,423,15177441,3792,4002.48971518987,5.46433686379015,829346.503543001,0.293631730992133
Maharashtra,Residential,Apr-2021,464,45304549,4086,11087.7506118453,10.819801399203,4901862.22660463,-0.629822549465147
Telangana,Retail,Aug-2023,83,34801851,4931,7057.76738998175,7.40037404694791,2575467.14926148,0.586655687019471
Telangana,Commercial,Jul-2022,242,43522964,3447,12626.331302582,5.35028144492279,2328601.06717243,1.07355045272115
Maharashtra,Residential,May-2020,233,5938684,4459,1331.84211706661,16.3432042092527,970571.253462214,3.88570874143241
Karnataka,Commercial,Sep-2020,491,22815019,3313,6886.5134319348,11.8778451332284,2709932.62393663,1.07261671156121
Gujarat,Industrial,Jan-2023,328,36435364,3083,11818.1524489134,9.33867157958982,3402578.9827881,-0.528629241577628
Madhya Pradesh,Industrial,Mar-2023,421,35709185,661,54022.9727685325,18.5012477452472,6606644.78465866,-0.664499480563368
Rajasthan,Residential,Feb-2025,69,47739471,1093,43677.4666056725,6.74208440300788,3218635.42836947,0.861367728292979
Uttar Pradesh,Residential,Apr-2021,344,9293380,3759,2472.30114392126,19.3387824343298,1797226.53899552,0.1811099268418
Maharashtra,Commercial,May-2020,231,10604107,4655,2278.00365198711,9.70950076066029,1029605.84982623,1.45613142116352
West Bengal,Retail,Dec-2024,46,34625539,3462,10001.5999422299,18.3260550846302,6345495.35049012,0.512594053572571
Uttar Pradesh,Commercial,May-2021,486,16564554,4388,3774.96672743847,14.0441431471919,2326349.67545391,0.201851562423796
Gujarat,Residential,Nov-2022,287,11405942,3890,2932.11876606684,17.4006103961223,1984703.52942768,-0.817581899373866
West Bengal,Commercial,Mar-2020,205,2586213,1163,2223.74290627687,19.760197448157,511040.795229904,2.33799811525924
Tamil Nadu,Residential,Aug-2023,413,10802330,1632,6619.07475490196,9.32608156728119,1007434.10696689,-0.212815609234459
Telangana,Commercial,Apr-2021,361,24591050,1041,23622.5264169068,19.4170322811139,4774852.11676486,0.117610142175375
Tamil Nadu,Residential,Feb-2024,493,11699468,3474,3367.72251007484,10.8422284235363,1268483.04489853,-0.506993131336082
Uttar Pradesh,Residential,Mar-2021,251,42991924,1367,31449.8346744696,10.7826785710538,4635680.97643175,2.04067979977626
Gujarat,Residential,Jan-2022,333,36053686,2566,14050.5401402962,10.1058065638176,3643515.76628618,3.67141282785982
Madhya Pradesh,Retail,Apr-2021,228,39099274,931,41997.0719656284,13.1211141102138,5130260.35780515,1.09092282364816
Uttar Pradesh,Commercial,Sep-2021,201,32982294,4778,6902.94976977815,7.31217564767731,2411723.26991333,-0.94970269806546
Maharashtra,Commercial,Oct-2021,26,26653295,1706,15623.2678780774,13.3056722803702,3546400.08462029,-0.472463454489987
Delhi,Commercial,May-2022,21,29919310,3028,9880.88177014531,13.1255721861501,3927080.63164801,4.41130727910077
Uttar Pradesh,Residential,Mar-2023,415,38210964,1669,22894.5260635111,16.4285271890731,6277498.60994692,0.116960482491976
Telangana,Commercial,Dec-2024,410,32306587,1330,24290.6669172932,17.5047494290638,5655187.1034325,-0.590537213362671
Telangana,Commercial,Sep-2023,403,7092910,2151,3297.49418874942,11.6066202546864,823247.128706674,1.43615592491856
Uttar Pradesh,Residential,Jul-2024,383,39615544,1636,24214.880195599,9.53499874027241,3777341.62135206,-0.47918653978339
West Bengal,Industrial,Dec-2021,202,22660074,3310,6845.94380664653,8.89002345975642,2014485.89459816,0.0406954580080976
Delhi,Residential,Jan-2023,31,22294866,975,22866.5292307692,7.91935755057308,1765610.15396115,-0.41973717541293
Maharashtra,Commercial,Apr-2020,483,41964131,3310,12677.9851963746,5.86471373298537,2461076.15368497,0.0407621879683788
Uttar Pradesh,Residential,Nov-2021,129,45310380,1826,24814.008762322,10.1367196825207,4592986.20768492,-0.193982280438103
West Bengal,Industrial,Apr-2024,219,34312949,1519,22589.1698485846,9.05371538196175,3106596.74161769,-0.0977779780971975
Telangana,Residential,Aug-2020,315,30815282,2336,13191.4734589041,19.4962607879961,6007827.74127642,-0.630606639027121
Telangana,Commercial,Oct-2020,279,33445953,4756,7032.37026913373,13.3656323937507,4470263.12856662,0.0896008953930121
Gujarat,Industrial,Oct-2022,201,43800173,2948,14857.5892130258,10.2091555854576,4471627.8082696,1.46303975870654
Uttar Pradesh,Retail,May-2024,184,6928540,4793,1445.55393281869,13.7070140149054,949695.948828329,-0.00250166887678571
Delhi,Commercial,Jan-2021,294,34759907,1783,19495.1805945037,7.08795052018543,2463765.00902247,-0.109670448659986
Karnataka,Industrial,Nov-2024,213,29605135,1159,25543.6885245902,11.660656238033,3452153.0211556,-0.610620387982959
Delhi,Industrial,Oct-2022,173,32539284,2510,12963.8581673307,14.393514821316,4683546.66529009,-0.947199093140243
Telangana,Retail,Jan-2020,260,16060243,898,17884.4576837417,12.3334674768868,1980784.84711398,-0.0600085346247388
Telangana,Residential,Jun-2020,236,45231930,2233,20256.1262875056,11.0266820098149,4987581.08800205,2.14076561097513
Tamil Nadu,Residential,Nov-2023,445,33703868,2625,12839.5687619048,19.9077258334955,6709673.63672322,0.363646449622894
Telangana,Commercial,Sep-2024,390,26917902,2671,10077.8367652565,18.2047214322339,4900329.07450172,-0.93170741953888
Maharashtra,Retail,Nov-2020,469,4838843,574,8430.04006968641,14.3510893723916,694426.683519715,-0.000307017330660298
Rajasthan,Residential,Jan-2025,16,34478658,3971,8682.61344749433,13.5406604177342,4668637.99637196,-0.216760230424593
Uttar Pradesh,Retail,Oct-2020,38,12556199,1336,9398.35254491018,14.3099071973688,1796780.42441694,0.541369416212858
Delhi,Residential,Nov-2020,404,49897865,999,49947.8128128128,8.0196816173365,4001649.90684838,-0.347180281151801
Rajasthan,Industrial,Dec-2022,42,4617923,637,7249.48665620094,10.9270661489648,504603.500918259,1.57619628203601
West Bengal,Residential,Feb-2022,143,40358177,2597,15540.3068925684,5.59189299336349,2256786.07191224,-0.0130070863326656
Karnataka,Retail,Jul-2020,376,30560464,4196,7283.23736892278,12.1331905623024,3707959.33384382,8.07918230529938
Maharashtra,Industrial,Feb-2022,88,34753388,2385,14571.6511530398,13.145368759365,4568461.00897289,3.20472851285931
Delhi,Industrial,Nov-2024,425,31849379,3257,9778.74700644765,8.41624604154814,2680522.09934517,25.208541597563
Rajasthan,Industrial,Jul-2022,444,46344569,4420,10485.1966063348,19.4604327074827,9018853.66381789,-0.259431172026377
Karnataka,Retail,Aug-2023,468,29946493,2400,12477.7054166667,18.6418191640586,5582571.07103748,-0.766166554201799
Tamil Nadu,Commercial,Jun-2023,67,40333034,3110,12968.821221865,15.8321485318386,6385585.85027696,0.434346438728229
Maharashtra,Commercial,Nov-2022,480,40197758,4486,8960.71288452965,13.0007994314804,5226029.89353188,-0.794030091354134
Maharashtra,Commercial,Aug-2022,35,675211,1949,346.439712673166,18.0495373947153,121872.461938231,6.43446101767925
Tamil Nadu,Retail,Dec-2024,491,41574249,1046,39745.9359464627,6.95978515735194,2893478.41118254,-0.630189878384065
Uttar Pradesh,Industrial,Apr-2022,439,12981574,2503,5186.40591290451,16.8576469141233,2188387.90881563,-0.181645092984151
Tamil Nadu,Commercial,Jul-2022,235,41467052,2596,15973.4406779661,6.87231220950272,2849745.27751684,-0.400176031690225
Maharashtra,Retail,Oct-2021,294,25931622,1203,21555.795511222,16.9131599382411,4385856.70344011,-0.472204800799507
Maharashtra,Commercial,Jul-2020,13,21168329,2903,7291.88046848088,9.13651352377035,1934047.2418412,0.00480164060768584
Rajasthan,Residential,Jun-2024,474,28686921,2125,13499.7275294118,18.1563587152728,5208500.28112693,0.21166003594564
Telangana,Commercial,Jul-2022,108,49902807,3831,13026.0524667189,19.160631407381,9561692.91120671,8.8261788017431
Karnataka,Commercial,Aug-2020,406,42598723,3478,12248.05146636,7.23193954107673,3080713.89263075,0.829068405655006
Tamil Nadu,Industrial,Dec-2023,498,11892083,3339,3561.57023060797,11.9401340759809,1419930.65462693,-0.331577111015523
Karnataka,Retail,Aug-2022,48,38785173,3884,9985.88388259526,19.7148106724403,7646423.42592843,-0.384477284495076
Tamil Nadu,Industrial,May-2020,280,39659558,3159,12554.4659702438,12.2511115395972,4858736.68669124,-0.660875292893708
West Bengal,Industrial,Jun-2020,384,14452821,2361,6121.48284625159,17.9532128377182,2594745.71518443,-0.114942404142281
Maharashtra,Industrial,Sep-2021,294,14894752,3356,4438.24553039333,13.8309728319698,2060089.10250928,0.668154156448538
Telangana,Industrial,Dec-2020,166,47204300,1185,39834.8523206751,10.629948618794,5017792.83586139,0.565473073631164
Rajasthan,Industrial,Nov-2022,84,35509897,4783,7424.18921179176,9.28675333288805,3297716.54315262,1.33118626706472
Telangana,Commercial,Jun-2020,381,13081422,2119,6173.39405379896,8.04834636629131,1052838.15219623,-0.13867283218595
Telangana,Industrial,Dec-2021,297,11598252,1931,6006.34489901605,16.4269728706655,1905241.70951141,-0.113237462055255
Telangana,Industrial,Jun-2023,139,34266262,1375,24920.9178181818,10.7981076023454,3700107.8420616,0.134795143845117
Karnataka,Retail,Sep-2021,184,29228437,2961,9871.13711583924,12.6691319330113,3702989.24548708,5.3298532711048
Tamil Nadu,Residential,Apr-2020,471,40041461,1865,21469.9522788204,12.3848822000177,4959087.77601604,1.02767943458865
Madhya Pradesh,Commercial,Jan-2025,93,40571048,1743,23276.562248996,13.659185438497,5541674.68066162,-0.968487323702601
West Bengal,Commercial,Jun-2022,31,38810408,662,58625.9939577039,17.9836571843683,6979530.72657464,0.366734151120104
Delhi,Commercial,Feb-2022,468,26187822,2474,10585.2150363783,19.7110901537514,5161905.20372395,0.283591561354956
Telangana,Industrial,May-2021,36,7397673,3791,1951.37773674492,11.1137631286073,822159.854248934,-0.614480443825403
Uttar Pradesh,Industrial,Aug-2023,204,12948727,769,16838.3966189857,17.4127838315946,2254733.84145332,0.418055431552218
Karnataka,Industrial,Feb-2023,346,21023385,1131,18588.3156498674,16.4679169198208,3462113.57553406,0.650292448969875
Rajasthan,Retail,Jan-2020,391,6502296,1405,4627.96868327402,13.6029342718336,884503.051040065,0.512169145998442
Delhi,Residential,Apr-2020,245,40864615,3971,10290.7617728532,19.340707154179,7903505.5168327,1.68510164205258
Madhya Pradesh,Industrial,Dec-2024,449,19052983,3753,5076.73407940314,8.00711773292604,1525594.78044438,1.22470154823336
Uttar Pradesh,Residential,Jun-2022,101,42038255,2514,16721.6607000796,6.63896315464432,2790904.26030542,-0.231014875262607
Madhya Pradesh,Retail,Nov-2023,486,42427728,2141,19816.7809434844,17.8094295043313,7556136.30844945,3.19028378544459
Delhi,Commercial,Jul-2021,30,11218361,704,15935.171875,11.5872472495062,1299899.22641218,-0.423872299970248
Telangana,Industrial,Mar-2023,312,24745082,1081,22890.9176688252,17.7045328131059,4381001.16231996,0.70722885146703
Uttar Pradesh,Residential,Dec-2024,473,22771555,1340,16993.697761194,18.3963530779312,4189135.6591353,2.53735496551066
Madhya Pradesh,Residential,Apr-2024,366,39932241,2219,17995.6020730059,5.93686390428607,2370722.80210152,1.21203100448856
Rajasthan,Industrial,Nov-2022,452,43940658,3143,13980.4829780465,18.2519714447909,8020036.35081323,-0.115933640736467
Tamil Nadu,Commercial,Dec-2022,93,32386947,2797,11579.1730425456,11.7247858305413,3797300.17280093,0.280948908864559
Maharashtra,Commercial,Jan-2025,271,8502619,1374,6188.22343522562,12.6564873350635,1076132.8968837,0.303527931330885
Tamil Nadu,Commercial,Nov-2024,156,49032681,1189,41238.5878889823,14.3988876663982,7060160.65701335,0.0455233942557869
Delhi,Retail,Nov-2021,450,8167857,4500,1815.07933333333,18.8957391009513,1543376.94885879,-0.90800964923824
Karnataka,Residential,Nov-2023,462,4928690,3641,1353.66382861851,5.28674141644646,260567.095518255,-0.266039180688939
Maharashtra,Residential,Jun-2023,396,39493865,1922,20548.3168574402,12.1526520247673,4799551.98458135,-0.672509960830042
West Bengal,Residential,Feb-2025,266,9389782,1171,8018.60119555935,15.3158306364584,1438123.10825266,-0.49872485048828
Rajasthan,Retail,Jun-2024,67,36936209,1671,22104.2543387193,15.8406043654734,5850918.73529439,-0.695200063410774
West Bengal,Residential,Apr-2020,389,4196176,4226,992.942735447231,15.3879864730566,645706.995265648,-0.848641814046608
Uttar Pradesh,Retail,Jan-2025,431,11232002,1443,7783.78516978517,7.01652694112183,788096.446357343,0.0315315206720541
Maharashtra,Commercial,Jan-2024,24,42954123,1949,22039.0574653669,9.49093382557522,4076747.38928619,-0.0062706419376567
West Bengal,Industrial,Sep-2022,171,15197697,4237,3586.90040122728,10.3807328812552,1577632.32967254,0.238036602894648
West Bengal,Residential,Sep-2021,454,18289600,3039,6018.29549193814,17.0665581151926,3121405.21303626,-0.0109923871450046
Madhya Pradesh,Residential,Jan-2025,172,18144180,4459,4069.11415115497,9.18139808621829,1665889.39528,-0.900708221110833
